match_type,date,english_name,description_lead,notes
exact_date_and_name,14-Jan,St. Felix,記念,Reference row 2
exact_date_and_name,15-Jan,St. Maurus,記念,Reference row 3
exact_date_and_name,19-Jan,St. Canute,記念,Reference row 4
exact_date_and_name,23-Jan,St. Emerentiana,記念,Reference row 5
exact_date_and_name,25-Jan,St. Peter,記念,Reference row 6
exact_date_and_name,28-Jan,St. Agnes,記念,Reference row 7
exact_date_and_name,6-Feb,St. Dorothy,記念,Reference row 8
exact_date_and_name,9-Feb,St. Apollonia,記念,Reference row 9
exact_date_and_name,22-Feb,St. Paul,記念,Reference row 10
exact_date_and_name,4-Mar,St. Lucius I,記念,Reference row 11
exact_date_and_name,14-Apr,"SS. Tiburtius, Valerian & Maximus",記念,Reference row 12
exact_date_and_name,10-May,SS. Gordian & Epimachus,記念,Reference row 13
exact_date_and_name,19-May,St. Pudentiana,記念,Reference row 14
exact_date_and_name,25-May,St. Urban I,記念,Reference row 15
exact_date_and_name,26-May,St. Eleutherius,記念,Reference row 16
exact_date_and_name,27-May,St. John I,記念,Reference row 17
exact_date_and_name,31-May,St. Petronilla,記念,Reference row 18
exact_date_and_name,12-Jun,"SS. Basilides, Cyrinus, Nabor, & Nazarius",記念,Reference row 19
exact_date_and_name,18-Jun,SS. Mark & Marcellian,記念,Reference row 20
exact_date_and_name,19-Jun,SS. Gervase & Protase,記念,Reference row 21
exact_date_and_name,2-Jul,Ss. Processus & Martinian,記念,Reference row 23
exact_date_and_name,12-Jul,Ss. Nabor ＆ Felix,記念,Reference row 24
exact_date_and_name,18-Jul,St. Symphorosa & her seven Sons,記念,Reference row 25
exact_date_and_name,20-Jul,St. Margaret,記念,Reference row 26
exact_date_and_name,21-Jul,St. Praxedes,記念,Reference row 27
exact_date_and_name,23-Jul,St. Liborius,記念,Reference row 28
exact_date_and_name,25-Jul,St. Christopher,記念,Reference row 29
exact_date_and_name,29-Jul,"Ss. Felix, Simplicius, Faustinus & Beatrice",記念,Reference row 30
exact_date_and_name,2-Aug,St. Stephen I,記念,Reference row 31
exact_date_and_name,6-Aug,"Ss. Xystus II Pope, Felicissimus ＆ Agapitus",記念,Reference row 32
exact_date_and_name,7-Aug,St. Donatus,記念,Reference row 33
exact_date_and_name,8-Aug,"SS. Cyriacus, Largus, & Smaragdus",記念,Reference row 34
exact_date_and_name,9-Aug,St. Romanus,記念,Reference row 35
exact_date_and_name,14-Aug,St. Eusebius,記念,Reference row 36
exact_date_and_name,22-Aug,"Ss. Timothy, Hippolytus ＆ Symphorian",記念,Reference row 37
exact_date_and_name,28-Aug,St. Hermes,記念,Reference row 38
exact_date_and_name,29-Aug,St. Sabina,記念,Reference row 39
exact_date_and_name,30-Aug,SS. Felix & Adauctus,記念,Reference row 40
exact_date_and_name,1-Sep,Holy Twelve Brothers,記念,Reference row 41
exact_date_and_name,8-Sep,St. Hadrian,記念,Reference row 42
exact_date_and_name,15-Sep,St. Nicomedes,記念,Reference row 43
exact_date_and_name,16-Sep,"Ss. Euphemia, Lucy & Geminianus",記念,Reference row 44
exact_date_and_name,22-Sep,Ss. Maurice ＆ Companions,記念,Reference row 45
exact_date_and_name,23-Sep,St. Thecla,記念,Reference row 46
exact_date_and_name,7-Oct,Pope St. Mark,記念,Reference row 47; current internal key
exact_date_and_name,8-Oct,"Ss. Sergius and Bacchus, Marcellus ＆ Apuleius",記念,Reference row 48
exact_date_and_name,9-Oct,"Ss. Denis, Rusticus & Eleutherius",記念,Reference row 49
exact_date_and_name,21-Oct,St. Ursula and Companions,記念,Reference row 50
exact_date_and_name,4-Nov,Ss. Vitalis and Agricola,記念,Reference row 51
exact_date_and_name,9-Nov,St. Theodore,記念,Reference row 52
exact_date_and_name,10-Nov,"Ss. Tryphon, Respicius ＆ Nympha",記念,Reference row 53
exact_date_and_name,11-Nov,St. Mennas,記念,Reference row 54
exact_date_and_name,19-Nov,St. Pontianus,記念,Reference row 55
exact_date_and_name,23-Nov,St. Felicitas,記念,Reference row 56
exact_date_and_name,24-Nov,St. Chrysogonus,記念,Reference row 57
exact_date_and_name,26-Nov,St. Peter of Alexandria,記念,Reference row 58
exact_date_and_name,5-Feb,Twenty-six Martyrs of Japan,日本の固有ミサ。,Japanese proper Mass from fixed_feasts_local.csv
exact_date_and_name,17-Mar,Blessed Virgin Mary of the Discovery of the Christians,日本の固有ミサ。,Japanese proper Mass from fixed_feasts_local.csv
exact_date_and_name,22-May,Bls. John the Baptist of Machado ＆ Peter of the Assumption,日本の固有ミサ。,Japanese proper Mass from fixed_feasts_local.csv
exact_date_and_name,1-Jun,Bls. Alfonso Navarrete & Companions,日本の固有ミサ。,Japanese proper Mass from fixed_feasts_local.csv
exact_date_and_name,20-Jun,Bls. Francisco Pacheco & Companions,日本の固有ミサ。,Japanese proper Mass from fixed_feasts_local.csv
exact_date_and_name,19-Aug,Bls. Pedro de Z??iga & Companions,日本の固有ミサ。,Japanese proper Mass from fixed_feasts_local.csv
exact_date_and_name,25-Aug,Bls. Miguel de Carvalho & Companions,日本の固有ミサ。,Japanese proper Mass from fixed_feasts_local.csv
exact_date_and_name,3-Sep,Bls. Anthony Ishida & Companions,日本の固有ミサ。,Japanese proper Mass from fixed_feasts_local.csv
exact_date_and_name,7-Sep,"Bls. Thomas Tsuji, Michael Nakajima ＆ Companions",日本の固有ミサ。,Japanese proper Mass from fixed_feasts_local.csv
exact_date_and_name,10-Sep,"Bls. Charles Spinola, Sebastian Kimura ＆ Companions",日本の固有ミサ。,Japanese proper Mass from fixed_feasts_local.csv
exact_date_and_name,13-Sep,Bls. Apollinaris & Companions,日本の固有ミサ。,Japanese proper Mass from fixed_feasts_local.csv
exact_date_and_name,16-Sep,"Bls. Camillus Costanzo, Augustine Ota ＆ Companions",日本の固有ミサ。,Japanese proper Mass from fixed_feasts_local.csv
exact_date_and_name,5-Nov,Bs. Paul Navarro & Companions,日本の固有ミサ。,Japanese proper Mass from fixed_feasts_local.csv
exact_date_and_name,27-Nov,Bs. Leonardo Kimura & Companions,日本の固有ミサ。,Japanese proper Mass from fixed_feasts_local.csv
exact_date_and_name,4-Dec,"Bs. Jerome de Angelis, Simon Empo & Companions",日本の固有ミサ。,Japanese proper Mass from fixed_feasts_local.csv
movable_name,,Bls. Diogo de Carvalho & Companions,日本の固有ミサ。,Japanese proper Mass from movable_feasts_local.csv
